path,label,split
/Users/anu/Downloads/neoBloom/datasets/normal/normal (1).jpg,0,train
/Users/anu/Downloads/neoBloom/datasets/normal/normal (1000).jpg,0,val
/Users/anu/Downloads/neoBloom/datasets/normal/normal (1001).jpg,0,train
/Users/anu/Downloads/neoBloom/datasets/normal/normal (1002).jpg,0,train
/Users/anu/Downloads/neoBloom/datasets/normal/normal (1003).jpg,0,train
/Users/anu/Downloads/neoBloom/datasets/normal/normal (1004).jpg,0,val
/Users/anu/Downloads/neoBloom/datasets/normal/normal (1005).jpg,0,test
/Users/anu/Downloads/neoBloom/datasets/normal/normal (1006).jpg,0,train
/Users/anu/Downloads/neoBloom/datasets/normal/normal (1007).jpg,0,train
/Users/anu/Downloads/neoBloom/datasets/normal/normal (1008).jpg,0,train
/Users/anu/Downloads/neoBloom/datasets/normal/normal (1009).jpg,0,train
/Users/anu/Downloads/neoBloom/datasets/normal/normal (1010).jpg,0,train
/Users/anu/Downloads/neoBloom/datasets/normal/normal (1011).jpg,0,train
/Users/anu/Downloads/neoBloom/datasets/normal/normal (1012).jpg,0,train
/Users/anu/Downloads/neoBloom/datasets/normal/normal (1013).jpg,0,train
/Users/anu/Downloads/neoBloom/datasets/normal/normal (1014).jpg,0,train
/Users/anu/Downloads/neoBloom/datasets/normal/normal (1015).jpg,0,val
/Users/anu/Downloads/neoBloom/datasets/normal/normal (1016).jpg,0,train
/Users/anu/Downloads/neoBloom/datasets/normal/normal (1017).jpg,0,train
/Users/anu/Downloads/neoBloom/datasets/normal/normal (1018).jpg,0,train
/Users/anu/Downloads/neoBloom/datasets/normal/normal (1019).jpg,0,train
/Users/anu/Downloads/neoBloom/datasets/normal/normal (1020).jpg,0,train
/Users/anu/Downloads/neoBloom/datasets/normal/normal (1021).jpg,0,train
/Users/anu/Downloads/neoBloom/datasets/normal/normal (1022).jpg,0,test
/Users/anu/Downloads/neoBloom/datasets/normal/normal (1023).jpg,0,val
/Users/anu/Downloads/neoBloom/datasets/normal/normal (1024).jpg,0,test
/Users/anu/Downloads/neoBloom/datasets/normal/normal (1025).jpg,0,train
/Users/anu/Downloads/neoBloom/datasets/normal/normal (1026).jpg,0,test
/Users/anu/Downloads/neoBloom/datasets/normal/normal (1027).jpg,0,val
/Users/anu/Downloads/neoBloom/datasets/normal/normal (1028).jpg,0,train
/Users/anu/Downloads/neoBloom/datasets/normal/normal (1029).jpg,0,test
/Users/anu/Downloads/neoBloom/datasets/normal/normal (1030).jpg,0,train
/Users/anu/Downloads/neoBloom/datasets/normal/normal (1031).jpg,0,test
/Users/anu/Downloads/neoBloom/datasets/normal/normal (1032).jpg,0,val
/Users/anu/Downloads/neoBloom/datasets/normal/normal (1033).jpg,0,train
/Users/anu/Downloads/neoBloom/datasets/normal/normal (1034).jpg,0,test
/Users/anu/Downloads/neoBloom/datasets/normal/normal (1035).jpg,0,test
/Users/anu/Downloads/neoBloom/datasets/normal/normal (1036).jpg,0,train
/Users/anu/Downloads/neoBloom/datasets/normal/normal (1037).jpg,0,train
/Users/anu/Downloads/neoBloom/datasets/normal/normal (1038).jpg,0,train
/Users/anu/Downloads/neoBloom/datasets/normal/normal (1039).jpg,0,test
/Users/anu/Downloads/neoBloom/datasets/normal/normal (1040).jpg,0,train
/Users/anu/Downloads/neoBloom/datasets/normal/normal (1041).jpg,0,train
/Users/anu/Downloads/neoBloom/datasets/normal/normal (1042).jpg,0,train
/Users/anu/Downloads/neoBloom/datasets/normal/normal (1043).jpg,0,test
/Users/anu/Downloads/neoBloom/datasets/normal/normal (1044).jpg,0,train
/Users/anu/Downloads/neoBloom/datasets/normal/normal (1045).jpg,0,val
/Users/anu/Downloads/neoBloom/datasets/normal/normal (1046).jpg,0,train
/Users/anu/Downloads/neoBloom/datasets/normal/normal (1047).jpg,0,train
/Users/anu/Downloads/neoBloom/datasets/normal/normal (1048).jpg,0,train
/Users/anu/Downloads/neoBloom/datasets/normal/normal (1049).jpg,0,train
/Users/anu/Downloads/neoBloom/datasets/normal/normal (1050).jpg,0,test
/Users/anu/Downloads/neoBloom/datasets/normal/normal (1051).jpg,0,train
/Users/anu/Downloads/neoBloom/datasets/normal/normal (1052).jpg,0,train
/Users/anu/Downloads/neoBloom/datasets/normal/normal (1053).jpg,0,train
/Users/anu/Downloads/neoBloom/datasets/normal/normal (1054).jpg,0,train
/Users/anu/Downloads/neoBloom/datasets/normal/normal (1055).jpg,0,val
/Users/anu/Downloads/neoBloom/datasets/normal/normal (1056).jpg,0,val
/Users/anu/Downloads/neoBloom/datasets/normal/normal (1057).jpg,0,val
/Users/anu/Downloads/neoBloom/datasets/normal/normal (1058).jpg,0,train
/Users/anu/Downloads/neoBloom/datasets/normal/normal (1059).jpg,0,train
/Users/anu/Downloads/neoBloom/datasets/normal/normal (1060).jpg,0,train
/Users/anu/Downloads/neoBloom/datasets/normal/normal (1061).jpg,0,train
/Users/anu/Downloads/neoBloom/datasets/normal/normal (1062).jpg,0,train
/Users/anu/Downloads/neoBloom/datasets/normal/normal (1063).jpg,0,train
/Users/anu/Downloads/neoBloom/datasets/normal/normal (1064).jpg,0,train
/Users/anu/Downloads/neoBloom/datasets/normal/normal (1065).jpg,0,train
/Users/anu/Downloads/neoBloom/datasets/normal/normal (1066).jpg,0,train
/Users/anu/Downloads/neoBloom/datasets/normal/normal (1067).jpg,0,train
/Users/anu/Downloads/neoBloom/datasets/normal/normal (1068).jpg,0,train
/Users/anu/Downloads/neoBloom/datasets/normal/normal (1069).jpg,0,val
/Users/anu/Downloads/neoBloom/datasets/normal/normal (1070).jpg,0,val
/Users/anu/Downloads/neoBloom/datasets/normal/normal (1071).jpg,0,train
/Users/anu/Downloads/neoBloom/datasets/normal/normal (1072).jpg,0,val
/Users/anu/Downloads/neoBloom/datasets/normal/normal (1073).jpg,0,train
/Users/anu/Downloads/neoBloom/datasets/normal/normal (1074).jpg,0,train
/Users/anu/Downloads/neoBloom/datasets/normal/normal (1075).jpg,0,train
/Users/anu/Downloads/neoBloom/datasets/normal/normal (1076).jpg,0,train
/Users/anu/Downloads/neoBloom/datasets/normal/normal (1077).jpg,0,val
/Users/anu/Downloads/neoBloom/datasets/normal/normal (1078).jpg,0,train
/Users/anu/Downloads/neoBloom/datasets/normal/normal (1079).jpg,0,test
/Users/anu/Downloads/neoBloom/datasets/normal/normal (1080).jpg,0,val
/Users/anu/Downloads/neoBloom/datasets/normal/normal (1081).jpg,0,train
/Users/anu/Downloads/neoBloom/datasets/normal/normal (1082).jpg,0,test
/Users/anu/Downloads/neoBloom/datasets/normal/normal (1083).jpg,0,train
/Users/anu/Downloads/neoBloom/datasets/normal/normal (1084).jpg,0,train
/Users/anu/Downloads/neoBloom/datasets/normal/normal (1085).jpg,0,train
/Users/anu/Downloads/neoBloom/datasets/normal/normal (1086).jpg,0,test
/Users/anu/Downloads/neoBloom/datasets/normal/normal (1087).jpg,0,train
/Users/anu/Downloads/neoBloom/datasets/normal/normal (1088).jpg,0,test
/Users/anu/Downloads/neoBloom/datasets/normal/normal (1089).jpg,0,train
/Users/anu/Downloads/neoBloom/datasets/normal/normal (1090).jpg,0,train
/Users/anu/Downloads/neoBloom/datasets/normal/normal (1091).jpg,0,train
/Users/anu/Downloads/neoBloom/datasets/normal/normal (1092).jpg,0,train
/Users/anu/Downloads/neoBloom/datasets/normal/normal (1093).jpg,0,test
/Users/anu/Downloads/neoBloom/datasets/normal/normal (1094).jpg,0,test
/Users/anu/Downloads/neoBloom/datasets/normal/normal (1095).jpg,0,train
/Users/anu/Downloads/neoBloom/datasets/normal/normal (1096).jpg,0,train
/Users/anu/Downloads/neoBloom/datasets/normal/normal (1097).jpg,0,train
/Users/anu/Downloads/neoBloom/datasets/normal/normal (1098).jpg,0,test
/Users/anu/Downloads/neoBloom/datasets/normal/normal (1099).jpg,0,train
/Users/anu/Downloads/neoBloom/datasets/normal/normal (1100).jpg,0,train
/Users/anu/Downloads/neoBloom/datasets/normal/normal (1101).jpg,0,train
/Users/anu/Downloads/neoBloom/datasets/normal/normal (1102).jpg,0,train
/Users/anu/Downloads/neoBloom/datasets/normal/normal (1103).jpg,0,test
/Users/anu/Downloads/neoBloom/datasets/normal/normal (1104).jpg,0,train
/Users/anu/Downloads/neoBloom/datasets/normal/normal (1105).jpg,0,train
/Users/anu/Downloads/neoBloom/datasets/normal/normal (1106).jpg,0,test
/Users/anu/Downloads/neoBloom/datasets/normal/normal (1107).jpg,0,val
/Users/anu/Downloads/neoBloom/datasets/normal/normal (1108).jpg,0,train
/Users/anu/Downloads/neoBloom/datasets/normal/normal (1109).jpg,0,train
/Users/anu/Downloads/neoBloom/datasets/normal/normal (1110).jpg,0,train
/Users/anu/Downloads/neoBloom/datasets/normal/normal (1111).jpg,0,val
/Users/anu/Downloads/neoBloom/datasets/normal/normal (1112).jpg,0,train
/Users/anu/Downloads/neoBloom/datasets/normal/normal (1113).jpg,0,test
/Users/anu/Downloads/neoBloom/datasets/normal/normal (1114).jpg,0,train
/Users/anu/Downloads/neoBloom/datasets/normal/normal (1115).jpg,0,test
/Users/anu/Downloads/neoBloom/datasets/normal/normal (1116).jpg,0,val
/Users/anu/Downloads/neoBloom/datasets/normal/normal (1117).jpg,0,train
/Users/anu/Downloads/neoBloom/datasets/normal/normal (1118).jpg,0,test
/Users/anu/Downloads/neoBloom/datasets/normal/normal (1119).jpg,0,train
/Users/anu/Downloads/neoBloom/datasets/normal/normal (174).jpg,0,train
/Users/anu/Downloads/neoBloom/datasets/normal/normal (400).jpg,0,train
/Users/anu/Downloads/neoBloom/datasets/normal/normal (558).jpg,0,train
/Users/anu/Downloads/neoBloom/datasets/normal/normal (564).jpg,0,train
/Users/anu/Downloads/neoBloom/datasets/normal/normal (565).jpg,0,test
/Users/anu/Downloads/neoBloom/datasets/normal/normal (566).jpg,0,val
/Users/anu/Downloads/neoBloom/datasets/normal/normal (567).jpg,0,test
/Users/anu/Downloads/neoBloom/datasets/normal/normal (568).jpg,0,val
/Users/anu/Downloads/neoBloom/datasets/normal/normal (569).jpg,0,train
/Users/anu/Downloads/neoBloom/datasets/normal/normal (570).jpg,0,train
/Users/anu/Downloads/neoBloom/datasets/normal/normal (571).jpg,0,train
/Users/anu/Downloads/neoBloom/datasets/normal/normal (572).jpg,0,train
/Users/anu/Downloads/neoBloom/datasets/normal/normal (573).jpg,0,train
/Users/anu/Downloads/neoBloom/datasets/normal/normal (574).jpg,0,val
/Users/anu/Downloads/neoBloom/datasets/normal/normal (575).jpg,0,val
/Users/anu/Downloads/neoBloom/datasets/normal/normal (576).jpg,0,test
/Users/anu/Downloads/neoBloom/datasets/normal/normal (577).jpg,0,val
/Users/anu/Downloads/neoBloom/datasets/normal/normal (578).jpg,0,test
/Users/anu/Downloads/neoBloom/datasets/normal/normal (579).jpg,0,train
/Users/anu/Downloads/neoBloom/datasets/normal/normal (580).jpg,0,train
/Users/anu/Downloads/neoBloom/datasets/normal/normal (581).jpg,0,train
/Users/anu/Downloads/neoBloom/datasets/normal/normal (582).jpg,0,test
/Users/anu/Downloads/neoBloom/datasets/normal/normal (583).jpg,0,train
/Users/anu/Downloads/neoBloom/datasets/normal/normal (584).jpg,0,train
/Users/anu/Downloads/neoBloom/datasets/normal/normal (585).jpg,0,train
/Users/anu/Downloads/neoBloom/datasets/normal/normal (586).jpg,0,train
/Users/anu/Downloads/neoBloom/datasets/normal/normal (587).jpg,0,train
/Users/anu/Downloads/neoBloom/datasets/normal/normal (588).jpg,0,test
/Users/anu/Downloads/neoBloom/datasets/normal/normal (589).jpg,0,train
/Users/anu/Downloads/neoBloom/datasets/normal/normal (590).jpg,0,val
/Users/anu/Downloads/neoBloom/datasets/normal/normal (591).jpg,0,train
/Users/anu/Downloads/neoBloom/datasets/normal/normal (592).jpg,0,train
/Users/anu/Downloads/neoBloom/datasets/normal/normal (593).jpg,0,train
/Users/anu/Downloads/neoBloom/datasets/normal/normal (594).jpg,0,train
/Users/anu/Downloads/neoBloom/datasets/normal/normal (595).jpg,0,train
/Users/anu/Downloads/neoBloom/datasets/normal/normal (596).jpg,0,train
/Users/anu/Downloads/neoBloom/datasets/normal/normal (597).jpg,0,train
/Users/anu/Downloads/neoBloom/datasets/normal/normal (598).jpg,0,train
/Users/anu/Downloads/neoBloom/datasets/normal/normal (599).jpg,0,test
/Users/anu/Downloads/neoBloom/datasets/normal/normal (600).jpg,0,train
/Users/anu/Downloads/neoBloom/datasets/normal/normal (601).jpg,0,val
/Users/anu/Downloads/neoBloom/datasets/normal/normal (602).jpg,0,train
/Users/anu/Downloads/neoBloom/datasets/normal/normal (603).jpg,0,test
/Users/anu/Downloads/neoBloom/datasets/normal/normal (604).jpg,0,train
/Users/anu/Downloads/neoBloom/datasets/normal/normal (605).jpg,0,train
/Users/anu/Downloads/neoBloom/datasets/normal/normal (606).jpg,0,val
/Users/anu/Downloads/neoBloom/datasets/normal/normal (607).jpg,0,train
/Users/anu/Downloads/neoBloom/datasets/normal/normal (608).jpg,0,train
/Users/anu/Downloads/neoBloom/datasets/normal/normal (609).jpg,0,train
/Users/anu/Downloads/neoBloom/datasets/normal/normal (610).jpg,0,train
/Users/anu/Downloads/neoBloom/datasets/normal/normal (611).jpg,0,train
/Users/anu/Downloads/neoBloom/datasets/normal/normal (612).jpg,0,train
/Users/anu/Downloads/neoBloom/datasets/normal/normal (613).jpg,0,train
/Users/anu/Downloads/neoBloom/datasets/normal/normal (614).jpg,0,val
/Users/anu/Downloads/neoBloom/datasets/normal/normal (615).jpg,0,train
/Users/anu/Downloads/neoBloom/datasets/normal/normal (616).jpg,0,train
/Users/anu/Downloads/neoBloom/datasets/normal/normal (617).jpg,0,train
/Users/anu/Downloads/neoBloom/datasets/normal/normal (618).jpg,0,train
/Users/anu/Downloads/neoBloom/datasets/normal/normal (619).jpg,0,train
/Users/anu/Downloads/neoBloom/datasets/normal/normal (620).jpg,0,train
/Users/anu/Downloads/neoBloom/datasets/normal/normal (621).jpg,0,test
/Users/anu/Downloads/neoBloom/datasets/normal/normal (622).jpg,0,train
/Users/anu/Downloads/neoBloom/datasets/normal/normal (623).jpg,0,train
/Users/anu/Downloads/neoBloom/datasets/normal/normal (624).jpg,0,train
/Users/anu/Downloads/neoBloom/datasets/normal/normal (625).jpg,0,val
/Users/anu/Downloads/neoBloom/datasets/normal/normal (626).jpg,0,test
/Users/anu/Downloads/neoBloom/datasets/normal/normal (627).jpg,0,train
/Users/anu/Downloads/neoBloom/datasets/normal/normal (628).jpg,0,train
/Users/anu/Downloads/neoBloom/datasets/normal/normal (629).jpg,0,test
/Users/anu/Downloads/neoBloom/datasets/normal/normal (630).jpg,0,train
/Users/anu/Downloads/neoBloom/datasets/normal/normal (631).jpg,0,train
/Users/anu/Downloads/neoBloom/datasets/normal/normal (632).jpg,0,train
/Users/anu/Downloads/neoBloom/datasets/normal/normal (633).jpg,0,train
/Users/anu/Downloads/neoBloom/datasets/normal/normal (634).jpg,0,test
/Users/anu/Downloads/neoBloom/datasets/normal/normal (635).jpg,0,val
/Users/anu/Downloads/neoBloom/datasets/normal/normal (636).jpg,0,test
/Users/anu/Downloads/neoBloom/datasets/normal/normal (637).jpg,0,val
/Users/anu/Downloads/neoBloom/datasets/normal/normal (638).jpg,0,train
/Users/anu/Downloads/neoBloom/datasets/normal/normal (639).jpg,0,train
/Users/anu/Downloads/neoBloom/datasets/normal/normal (640).jpg,0,train
/Users/anu/Downloads/neoBloom/datasets/normal/normal (641).jpg,0,train
/Users/anu/Downloads/neoBloom/datasets/normal/normal (642).jpg,0,val
/Users/anu/Downloads/neoBloom/datasets/normal/normal (643).jpg,0,test
/Users/anu/Downloads/neoBloom/datasets/normal/normal (644).jpg,0,val
/Users/anu/Downloads/neoBloom/datasets/normal/normal (645).jpg,0,val
/Users/anu/Downloads/neoBloom/datasets/normal/normal (646).jpg,0,train
/Users/anu/Downloads/neoBloom/datasets/normal/normal (647).jpg,0,train
/Users/anu/Downloads/neoBloom/datasets/normal/normal (648).jpg,0,train
/Users/anu/Downloads/neoBloom/datasets/normal/normal (649).jpg,0,train
/Users/anu/Downloads/neoBloom/datasets/normal/normal (650).jpg,0,train
/Users/anu/Downloads/neoBloom/datasets/normal/normal (651).jpg,0,train
/Users/anu/Downloads/neoBloom/datasets/normal/normal (652).jpg,0,train
/Users/anu/Downloads/neoBloom/datasets/normal/normal (653).jpg,0,train
/Users/anu/Downloads/neoBloom/datasets/normal/normal (654).jpg,0,train
/Users/anu/Downloads/neoBloom/datasets/normal/normal (655).jpg,0,train
/Users/anu/Downloads/neoBloom/datasets/normal/normal (656).jpg,0,val
/Users/anu/Downloads/neoBloom/datasets/normal/normal (657).jpg,0,train
/Users/anu/Downloads/neoBloom/datasets/normal/normal (658).jpg,0,train
/Users/anu/Downloads/neoBloom/datasets/normal/normal (659).jpg,0,val
/Users/anu/Downloads/neoBloom/datasets/normal/normal (660).jpg,0,test
/Users/anu/Downloads/neoBloom/datasets/normal/normal (661).jpg,0,train
/Users/anu/Downloads/neoBloom/datasets/normal/normal (662).jpg,0,val
/Users/anu/Downloads/neoBloom/datasets/normal/normal (663).jpg,0,test
/Users/anu/Downloads/neoBloom/datasets/normal/normal (664).jpg,0,train
/Users/anu/Downloads/neoBloom/datasets/normal/normal (665).jpg,0,test
/Users/anu/Downloads/neoBloom/datasets/normal/normal (666).jpg,0,train
/Users/anu/Downloads/neoBloom/datasets/normal/normal (667).jpg,0,train
/Users/anu/Downloads/neoBloom/datasets/normal/normal (668).jpg,0,test
/Users/anu/Downloads/neoBloom/datasets/normal/normal (669).jpg,0,train
/Users/anu/Downloads/neoBloom/datasets/normal/normal (670).jpg,0,train
/Users/anu/Downloads/neoBloom/datasets/normal/normal (671).jpg,0,train
/Users/anu/Downloads/neoBloom/datasets/normal/normal (672).jpg,0,test
/Users/anu/Downloads/neoBloom/datasets/normal/normal (673).jpg,0,train
/Users/anu/Downloads/neoBloom/datasets/normal/normal (674).jpg,0,val
/Users/anu/Downloads/neoBloom/datasets/normal/normal (675).jpg,0,train
/Users/anu/Downloads/neoBloom/datasets/normal/normal (676).jpg,0,test
/Users/anu/Downloads/neoBloom/datasets/normal/normal (677).jpg,0,train
/Users/anu/Downloads/neoBloom/datasets/normal/normal (678).jpg,0,test
/Users/anu/Downloads/neoBloom/datasets/normal/normal (679).jpg,0,val
/Users/anu/Downloads/neoBloom/datasets/normal/normal (680).jpg,0,train
/Users/anu/Downloads/neoBloom/datasets/normal/normal (681).jpg,0,train
/Users/anu/Downloads/neoBloom/datasets/normal/normal (682).jpg,0,train
/Users/anu/Downloads/neoBloom/datasets/normal/normal (683).jpg,0,train
/Users/anu/Downloads/neoBloom/datasets/normal/normal (684).jpg,0,train
/Users/anu/Downloads/neoBloom/datasets/normal/normal (685).jpg,0,train
/Users/anu/Downloads/neoBloom/datasets/normal/normal (686).jpg,0,train
/Users/anu/Downloads/neoBloom/datasets/normal/normal (687).jpg,0,train
/Users/anu/Downloads/neoBloom/datasets/normal/normal (688).jpg,0,train
/Users/anu/Downloads/neoBloom/datasets/normal/normal (689).jpg,0,train
/Users/anu/Downloads/neoBloom/datasets/normal/normal (690).jpg,0,test
/Users/anu/Downloads/neoBloom/datasets/normal/normal (691).jpg,0,train
/Users/anu/Downloads/neoBloom/datasets/normal/normal (692).jpg,0,val
/Users/anu/Downloads/neoBloom/datasets/normal/normal (693).jpg,0,train
/Users/anu/Downloads/neoBloom/datasets/normal/normal (694).jpg,0,train
/Users/anu/Downloads/neoBloom/datasets/normal/normal (695).jpg,0,val
/Users/anu/Downloads/neoBloom/datasets/normal/normal (696).jpg,0,train
/Users/anu/Downloads/neoBloom/datasets/normal/normal (697).jpg,0,train
/Users/anu/Downloads/neoBloom/datasets/normal/normal (698).jpg,0,train
/Users/anu/Downloads/neoBloom/datasets/normal/normal (699).jpg,0,train
/Users/anu/Downloads/neoBloom/datasets/normal/normal (700).jpg,0,val
/Users/anu/Downloads/neoBloom/datasets/normal/normal (701).jpg,0,train
/Users/anu/Downloads/neoBloom/datasets/normal/normal (702).jpg,0,train
/Users/anu/Downloads/neoBloom/datasets/normal/normal (703).jpg,0,train
/Users/anu/Downloads/neoBloom/datasets/normal/normal (704).jpg,0,train
/Users/anu/Downloads/neoBloom/datasets/normal/normal (705).jpg,0,train
/Users/anu/Downloads/neoBloom/datasets/normal/normal (706).jpg,0,train
/Users/anu/Downloads/neoBloom/datasets/normal/normal (707).jpg,0,train
/Users/anu/Downloads/neoBloom/datasets/normal/normal (708).jpg,0,train
/Users/anu/Downloads/neoBloom/datasets/normal/normal (709).jpg,0,train
/Users/anu/Downloads/neoBloom/datasets/normal/normal (710).jpg,0,test
/Users/anu/Downloads/neoBloom/datasets/normal/normal (711).jpg,0,train
/Users/anu/Downloads/neoBloom/datasets/normal/normal (713).jpg,0,train
/Users/anu/Downloads/neoBloom/datasets/normal/normal (714).jpg,0,test
/Users/anu/Downloads/neoBloom/datasets/normal/normal (715).jpg,0,val
/Users/anu/Downloads/neoBloom/datasets/normal/normal (716).jpg,0,val
/Users/anu/Downloads/neoBloom/datasets/normal/normal (717).jpg,0,train
/Users/anu/Downloads/neoBloom/datasets/normal/normal (718).jpg,0,train
/Users/anu/Downloads/neoBloom/datasets/normal/normal (719).jpg,0,train
/Users/anu/Downloads/neoBloom/datasets/normal/normal (720).jpg,0,train
/Users/anu/Downloads/neoBloom/datasets/normal/normal (721).jpg,0,train
/Users/anu/Downloads/neoBloom/datasets/normal/normal (722).jpg,0,test
/Users/anu/Downloads/neoBloom/datasets/normal/normal (723).jpg,0,train
/Users/anu/Downloads/neoBloom/datasets/normal/normal (724).jpg,0,val
/Users/anu/Downloads/neoBloom/datasets/normal/normal (725).jpg,0,test
/Users/anu/Downloads/neoBloom/datasets/normal/normal (726).jpg,0,val
/Users/anu/Downloads/neoBloom/datasets/normal/normal (727).jpg,0,train
/Users/anu/Downloads/neoBloom/datasets/normal/normal (728).jpg,0,val
/Users/anu/Downloads/neoBloom/datasets/normal/normal (729).jpg,0,train
/Users/anu/Downloads/neoBloom/datasets/normal/normal (730).jpg,0,train
/Users/anu/Downloads/neoBloom/datasets/normal/normal (731).jpg,0,val
/Users/anu/Downloads/neoBloom/datasets/normal/normal (732).jpg,0,train
/Users/anu/Downloads/neoBloom/datasets/normal/normal (733).jpg,0,train
/Users/anu/Downloads/neoBloom/datasets/normal/normal (734).jpg,0,train
/Users/anu/Downloads/neoBloom/datasets/normal/normal (735).jpg,0,train
/Users/anu/Downloads/neoBloom/datasets/normal/normal (736).jpg,0,train
/Users/anu/Downloads/neoBloom/datasets/normal/normal (737).jpg,0,train
/Users/anu/Downloads/neoBloom/datasets/normal/normal (738).jpg,0,train
/Users/anu/Downloads/neoBloom/datasets/normal/normal (739).jpg,0,val
/Users/anu/Downloads/neoBloom/datasets/normal/normal (740).jpg,0,val
/Users/anu/Downloads/neoBloom/datasets/normal/normal (741).jpg,0,test
/Users/anu/Downloads/neoBloom/datasets/normal/normal (742).jpg,0,train
/Users/anu/Downloads/neoBloom/datasets/normal/normal (743).jpg,0,train
/Users/anu/Downloads/neoBloom/datasets/normal/normal (744).jpg,0,train
/Users/anu/Downloads/neoBloom/datasets/normal/normal (745).jpg,0,train
/Users/anu/Downloads/neoBloom/datasets/normal/normal (746).jpg,0,val
/Users/anu/Downloads/neoBloom/datasets/normal/normal (747).jpg,0,train
/Users/anu/Downloads/neoBloom/datasets/normal/normal (748).jpg,0,train
/Users/anu/Downloads/neoBloom/datasets/normal/normal (749).jpg,0,train
/Users/anu/Downloads/neoBloom/datasets/normal/normal (750).jpg,0,train
/Users/anu/Downloads/neoBloom/datasets/normal/normal (751).jpg,0,train
/Users/anu/Downloads/neoBloom/datasets/normal/normal (752).jpg,0,test
/Users/anu/Downloads/neoBloom/datasets/normal/normal (753).jpg,0,train
/Users/anu/Downloads/neoBloom/datasets/normal/normal (754).jpg,0,train
/Users/anu/Downloads/neoBloom/datasets/normal/normal (755).jpg,0,train
/Users/anu/Downloads/neoBloom/datasets/normal/normal (756).jpg,0,train
/Users/anu/Downloads/neoBloom/datasets/normal/normal (757).jpg,0,train
/Users/anu/Downloads/neoBloom/datasets/normal/normal (758).jpg,0,train
/Users/anu/Downloads/neoBloom/datasets/normal/normal (759).jpg,0,train
/Users/anu/Downloads/neoBloom/datasets/normal/normal (760).jpg,0,train
/Users/anu/Downloads/neoBloom/datasets/normal/normal (761).jpg,0,train
/Users/anu/Downloads/neoBloom/datasets/normal/normal (762).jpg,0,val
/Users/anu/Downloads/neoBloom/datasets/normal/normal (763).jpg,0,train
/Users/anu/Downloads/neoBloom/datasets/normal/normal (764).jpg,0,train
/Users/anu/Downloads/neoBloom/datasets/normal/normal (765).jpg,0,train
/Users/anu/Downloads/neoBloom/datasets/normal/normal (766).jpg,0,test
/Users/anu/Downloads/neoBloom/datasets/normal/normal (767).jpg,0,train
/Users/anu/Downloads/neoBloom/datasets/normal/normal (768).jpg,0,val
/Users/anu/Downloads/neoBloom/datasets/normal/normal (769).jpg,0,val
/Users/anu/Downloads/neoBloom/datasets/normal/normal (770).jpg,0,val
/Users/anu/Downloads/neoBloom/datasets/normal/normal (771).jpg,0,train
/Users/anu/Downloads/neoBloom/datasets/normal/normal (772).jpg,0,test
/Users/anu/Downloads/neoBloom/datasets/normal/normal (773).jpg,0,train
/Users/anu/Downloads/neoBloom/datasets/normal/normal (774).jpg,0,train
/Users/anu/Downloads/neoBloom/datasets/normal/normal (775).jpg,0,train
/Users/anu/Downloads/neoBloom/datasets/normal/normal (776).jpg,0,val
/Users/anu/Downloads/neoBloom/datasets/normal/normal (777).jpg,0,train
/Users/anu/Downloads/neoBloom/datasets/normal/normal (778).jpg,0,train
/Users/anu/Downloads/neoBloom/datasets/normal/normal (779).jpg,0,test
/Users/anu/Downloads/neoBloom/datasets/normal/normal (780).jpg,0,train
/Users/anu/Downloads/neoBloom/datasets/normal/normal (781).jpg,0,train
/Users/anu/Downloads/neoBloom/datasets/normal/normal (782).jpg,0,train
/Users/anu/Downloads/neoBloom/datasets/normal/normal (783).jpg,0,train
/Users/anu/Downloads/neoBloom/datasets/normal/normal (784).jpg,0,test
/Users/anu/Downloads/neoBloom/datasets/normal/normal (785).jpg,0,test
/Users/anu/Downloads/neoBloom/datasets/normal/normal (786).jpg,0,train
/Users/anu/Downloads/neoBloom/datasets/normal/normal (787).jpg,0,train
/Users/anu/Downloads/neoBloom/datasets/normal/normal (788).jpg,0,train
/Users/anu/Downloads/neoBloom/datasets/normal/normal (789).jpg,0,test
/Users/anu/Downloads/neoBloom/datasets/normal/normal (790).jpg,0,test
/Users/anu/Downloads/neoBloom/datasets/normal/normal (791).jpg,0,val
/Users/anu/Downloads/neoBloom/datasets/normal/normal (792).jpg,0,train
/Users/anu/Downloads/neoBloom/datasets/normal/normal (793).jpg,0,test
/Users/anu/Downloads/neoBloom/datasets/normal/normal (794).jpg,0,train
/Users/anu/Downloads/neoBloom/datasets/normal/normal (795).jpg,0,train
/Users/anu/Downloads/neoBloom/datasets/normal/normal (796).jpg,0,train
/Users/anu/Downloads/neoBloom/datasets/normal/normal (797).jpg,0,train
/Users/anu/Downloads/neoBloom/datasets/normal/normal (798).jpg,0,train
/Users/anu/Downloads/neoBloom/datasets/normal/normal (799).jpg,0,train
/Users/anu/Downloads/neoBloom/datasets/normal/normal (800).jpg,0,test
/Users/anu/Downloads/neoBloom/datasets/normal/normal (801).jpg,0,test
/Users/anu/Downloads/neoBloom/datasets/normal/normal (802).jpg,0,train
/Users/anu/Downloads/neoBloom/datasets/normal/normal (803).jpg,0,train
/Users/anu/Downloads/neoBloom/datasets/normal/normal (804).jpg,0,train
/Users/anu/Downloads/neoBloom/datasets/normal/normal (805).jpg,0,train
/Users/anu/Downloads/neoBloom/datasets/normal/normal (806).jpg,0,train
/Users/anu/Downloads/neoBloom/datasets/normal/normal (807).jpg,0,train
/Users/anu/Downloads/neoBloom/datasets/normal/normal (808).jpg,0,test
/Users/anu/Downloads/neoBloom/datasets/normal/normal (809).jpg,0,train
/Users/anu/Downloads/neoBloom/datasets/normal/normal (810).jpg,0,val
/Users/anu/Downloads/neoBloom/datasets/normal/normal (811).jpg,0,test
/Users/anu/Downloads/neoBloom/datasets/normal/normal (812).jpg,0,train
/Users/anu/Downloads/neoBloom/datasets/normal/normal (813).jpg,0,train
/Users/anu/Downloads/neoBloom/datasets/normal/normal (814).jpg,0,test
/Users/anu/Downloads/neoBloom/datasets/normal/normal (815).jpg,0,train
/Users/anu/Downloads/neoBloom/datasets/normal/normal (816).jpg,0,train
/Users/anu/Downloads/neoBloom/datasets/normal/normal (817).jpg,0,train
/Users/anu/Downloads/neoBloom/datasets/normal/normal (818).jpg,0,train
/Users/anu/Downloads/neoBloom/datasets/normal/normal (819).jpg,0,train
/Users/anu/Downloads/neoBloom/datasets/normal/normal (820).jpg,0,train
/Users/anu/Downloads/neoBloom/datasets/normal/normal (821).jpg,0,train
/Users/anu/Downloads/neoBloom/datasets/normal/normal (822).jpg,0,val
/Users/anu/Downloads/neoBloom/datasets/normal/normal (823).jpg,0,val
/Users/anu/Downloads/neoBloom/datasets/normal/normal (824).jpg,0,train
/Users/anu/Downloads/neoBloom/datasets/normal/normal (825).jpg,0,val
/Users/anu/Downloads/neoBloom/datasets/normal/normal (826).jpg,0,train
/Users/anu/Downloads/neoBloom/datasets/normal/normal (827).jpg,0,val
/Users/anu/Downloads/neoBloom/datasets/normal/normal (828).jpg,0,test
/Users/anu/Downloads/neoBloom/datasets/normal/normal (829).jpg,0,train
/Users/anu/Downloads/neoBloom/datasets/normal/normal (830).jpg,0,test
/Users/anu/Downloads/neoBloom/datasets/normal/normal (831).jpg,0,train
/Users/anu/Downloads/neoBloom/datasets/normal/normal (832).jpg,0,train
/Users/anu/Downloads/neoBloom/datasets/normal/normal (833).jpg,0,train
/Users/anu/Downloads/neoBloom/datasets/normal/normal (834).jpg,0,train
/Users/anu/Downloads/neoBloom/datasets/normal/normal (835).jpg,0,val
/Users/anu/Downloads/neoBloom/datasets/normal/normal (836).jpg,0,train
/Users/anu/Downloads/neoBloom/datasets/normal/normal (837).jpg,0,test
/Users/anu/Downloads/neoBloom/datasets/normal/normal (838).jpg,0,train
/Users/anu/Downloads/neoBloom/datasets/normal/normal (839).jpg,0,val
/Users/anu/Downloads/neoBloom/datasets/normal/normal (840).jpg,0,train
/Users/anu/Downloads/neoBloom/datasets/normal/normal (841).jpg,0,train
/Users/anu/Downloads/neoBloom/datasets/normal/normal (842).jpg,0,train
/Users/anu/Downloads/neoBloom/datasets/normal/normal (843).jpg,0,train
/Users/anu/Downloads/neoBloom/datasets/normal/normal (844).jpg,0,train
/Users/anu/Downloads/neoBloom/datasets/normal/normal (845).jpg,0,train
/Users/anu/Downloads/neoBloom/datasets/normal/normal (846).jpg,0,val
/Users/anu/Downloads/neoBloom/datasets/normal/normal (847).jpg,0,train
/Users/anu/Downloads/neoBloom/datasets/normal/normal (848).jpg,0,val
/Users/anu/Downloads/neoBloom/datasets/normal/normal (849).jpg,0,train
/Users/anu/Downloads/neoBloom/datasets/normal/normal (850).jpg,0,train
/Users/anu/Downloads/neoBloom/datasets/normal/normal (851).jpg,0,train
/Users/anu/Downloads/neoBloom/datasets/normal/normal (852).jpg,0,train
/Users/anu/Downloads/neoBloom/datasets/normal/normal (853).jpg,0,train
/Users/anu/Downloads/neoBloom/datasets/normal/normal (854).jpg,0,train
/Users/anu/Downloads/neoBloom/datasets/normal/normal (855).jpg,0,val
/Users/anu/Downloads/neoBloom/datasets/normal/normal (856).jpg,0,train
/Users/anu/Downloads/neoBloom/datasets/normal/normal (857).jpg,0,val
/Users/anu/Downloads/neoBloom/datasets/normal/normal (858).jpg,0,train
/Users/anu/Downloads/neoBloom/datasets/normal/normal (859).jpg,0,val
/Users/anu/Downloads/neoBloom/datasets/normal/normal (860).jpg,0,train
/Users/anu/Downloads/neoBloom/datasets/normal/normal (861).jpg,0,train
/Users/anu/Downloads/neoBloom/datasets/normal/normal (862).jpg,0,train
/Users/anu/Downloads/neoBloom/datasets/normal/normal (863).jpg,0,val
/Users/anu/Downloads/neoBloom/datasets/normal/normal (864).jpg,0,train
/Users/anu/Downloads/neoBloom/datasets/normal/normal (865).jpg,0,train
/Users/anu/Downloads/neoBloom/datasets/normal/normal (866).jpg,0,train
/Users/anu/Downloads/neoBloom/datasets/normal/normal (867).jpg,0,train
/Users/anu/Downloads/neoBloom/datasets/normal/normal (868).jpg,0,train
/Users/anu/Downloads/neoBloom/datasets/normal/normal (869).jpg,0,train
/Users/anu/Downloads/neoBloom/datasets/normal/normal (870).jpg,0,test
/Users/anu/Downloads/neoBloom/datasets/normal/normal (871).jpg,0,train
/Users/anu/Downloads/neoBloom/datasets/normal/normal (872).jpg,0,test
/Users/anu/Downloads/neoBloom/datasets/normal/normal (873).jpg,0,train
/Users/anu/Downloads/neoBloom/datasets/normal/normal (875).jpg,0,val
/Users/anu/Downloads/neoBloom/datasets/normal/normal (876).jpg,0,test
/Users/anu/Downloads/neoBloom/datasets/normal/normal (877).jpg,0,train
/Users/anu/Downloads/neoBloom/datasets/normal/normal (878).jpg,0,train
/Users/anu/Downloads/neoBloom/datasets/normal/normal (879).jpg,0,train
/Users/anu/Downloads/neoBloom/datasets/normal/normal (880).jpg,0,train
/Users/anu/Downloads/neoBloom/datasets/normal/normal (881).jpg,0,test
/Users/anu/Downloads/neoBloom/datasets/normal/normal (882).jpg,0,train
/Users/anu/Downloads/neoBloom/datasets/normal/normal (883).jpg,0,train
/Users/anu/Downloads/neoBloom/datasets/normal/normal (884).jpg,0,train
/Users/anu/Downloads/neoBloom/datasets/normal/normal (885).jpg,0,train
/Users/anu/Downloads/neoBloom/datasets/normal/normal (886).jpg,0,train
/Users/anu/Downloads/neoBloom/datasets/normal/normal (887).jpg,0,test
/Users/anu/Downloads/neoBloom/datasets/normal/normal (888).jpg,0,train
/Users/anu/Downloads/neoBloom/datasets/normal/normal (889).jpg,0,train
/Users/anu/Downloads/neoBloom/datasets/normal/normal (890).jpg,0,train
/Users/anu/Downloads/neoBloom/datasets/normal/normal (891).jpg,0,train
/Users/anu/Downloads/neoBloom/datasets/normal/normal (892).jpg,0,val
/Users/anu/Downloads/neoBloom/datasets/normal/normal (893).jpg,0,train
/Users/anu/Downloads/neoBloom/datasets/normal/normal (894).jpg,0,train
/Users/anu/Downloads/neoBloom/datasets/normal/normal (895).jpg,0,train
/Users/anu/Downloads/neoBloom/datasets/normal/normal (896).jpg,0,train
/Users/anu/Downloads/neoBloom/datasets/normal/normal (897).jpg,0,val
/Users/anu/Downloads/neoBloom/datasets/normal/normal (898).jpg,0,train
/Users/anu/Downloads/neoBloom/datasets/normal/normal (899).jpg,0,train
/Users/anu/Downloads/neoBloom/datasets/normal/normal (900).jpg,0,train
/Users/anu/Downloads/neoBloom/datasets/normal/normal (901).jpg,0,val
/Users/anu/Downloads/neoBloom/datasets/normal/normal (902).jpg,0,train
/Users/anu/Downloads/neoBloom/datasets/normal/normal (903).jpg,0,test
/Users/anu/Downloads/neoBloom/datasets/normal/normal (904).jpg,0,train
/Users/anu/Downloads/neoBloom/datasets/normal/normal (905).jpg,0,train
/Users/anu/Downloads/neoBloom/datasets/normal/normal (906).jpg,0,train
/Users/anu/Downloads/neoBloom/datasets/normal/normal (907).jpg,0,train
/Users/anu/Downloads/neoBloom/datasets/normal/normal (908).jpg,0,val
/Users/anu/Downloads/neoBloom/datasets/normal/normal (909).jpg,0,train
/Users/anu/Downloads/neoBloom/datasets/normal/normal (910).jpg,0,train
/Users/anu/Downloads/neoBloom/datasets/normal/normal (911).jpg,0,train
/Users/anu/Downloads/neoBloom/datasets/normal/normal (912).jpg,0,val
/Users/anu/Downloads/neoBloom/datasets/normal/normal (913).jpg,0,train
/Users/anu/Downloads/neoBloom/datasets/normal/normal (914).jpg,0,test
/Users/anu/Downloads/neoBloom/datasets/normal/normal (915).jpg,0,train
/Users/anu/Downloads/neoBloom/datasets/normal/normal (916).jpg,0,train
/Users/anu/Downloads/neoBloom/datasets/normal/normal (917).jpg,0,train
/Users/anu/Downloads/neoBloom/datasets/normal/normal (918).jpg,0,train
/Users/anu/Downloads/neoBloom/datasets/normal/normal (919).jpg,0,train
/Users/anu/Downloads/neoBloom/datasets/normal/normal (920).jpg,0,train
/Users/anu/Downloads/neoBloom/datasets/normal/normal (921).jpg,0,train
/Users/anu/Downloads/neoBloom/datasets/normal/normal (922).jpg,0,train
/Users/anu/Downloads/neoBloom/datasets/normal/normal (923).jpg,0,test
/Users/anu/Downloads/neoBloom/datasets/normal/normal (924).jpg,0,train
/Users/anu/Downloads/neoBloom/datasets/normal/normal (925).jpg,0,train
/Users/anu/Downloads/neoBloom/datasets/normal/normal (926).jpg,0,train
/Users/anu/Downloads/neoBloom/datasets/normal/normal (927).jpg,0,train
/Users/anu/Downloads/neoBloom/datasets/normal/normal (928).jpg,0,val
/Users/anu/Downloads/neoBloom/datasets/normal/normal (929).jpg,0,train
/Users/anu/Downloads/neoBloom/datasets/normal/normal (930).jpg,0,train
/Users/anu/Downloads/neoBloom/datasets/normal/normal (931).jpg,0,val
/Users/anu/Downloads/neoBloom/datasets/normal/normal (932).jpg,0,train
/Users/anu/Downloads/neoBloom/datasets/normal/normal (933).jpg,0,train
/Users/anu/Downloads/neoBloom/datasets/normal/normal (934).jpg,0,train
/Users/anu/Downloads/neoBloom/datasets/normal/normal (935).jpg,0,train
/Users/anu/Downloads/neoBloom/datasets/normal/normal (936).jpg,0,test
/Users/anu/Downloads/neoBloom/datasets/normal/normal (937).jpg,0,train
/Users/anu/Downloads/neoBloom/datasets/normal/normal (938).jpg,0,train
/Users/anu/Downloads/neoBloom/datasets/normal/normal (939).jpg,0,test
/Users/anu/Downloads/neoBloom/datasets/normal/normal (940).jpg,0,val
/Users/anu/Downloads/neoBloom/datasets/normal/normal (941).jpg,0,train
/Users/anu/Downloads/neoBloom/datasets/normal/normal (942).jpg,0,test
/Users/anu/Downloads/neoBloom/datasets/normal/normal (943).jpg,0,train
/Users/anu/Downloads/neoBloom/datasets/normal/normal (944).jpg,0,train
/Users/anu/Downloads/neoBloom/datasets/normal/normal (945).jpg,0,train
/Users/anu/Downloads/neoBloom/datasets/normal/normal (946).jpg,0,train
/Users/anu/Downloads/neoBloom/datasets/normal/normal (947).jpg,0,train
/Users/anu/Downloads/neoBloom/datasets/normal/normal (948).jpg,0,train
/Users/anu/Downloads/neoBloom/datasets/normal/normal (949).jpg,0,train
/Users/anu/Downloads/neoBloom/datasets/normal/normal (950).jpg,0,train
/Users/anu/Downloads/neoBloom/datasets/normal/normal (951).jpg,0,train
/Users/anu/Downloads/neoBloom/datasets/normal/normal (952).jpg,0,train
/Users/anu/Downloads/neoBloom/datasets/normal/normal (953).jpg,0,train
/Users/anu/Downloads/neoBloom/datasets/normal/normal (954).jpg,0,train
/Users/anu/Downloads/neoBloom/datasets/normal/normal (955).jpg,0,train
/Users/anu/Downloads/neoBloom/datasets/normal/normal (956).jpg,0,train
/Users/anu/Downloads/neoBloom/datasets/normal/normal (957).jpg,0,train
/Users/anu/Downloads/neoBloom/datasets/normal/normal (958).jpg,0,val
/Users/anu/Downloads/neoBloom/datasets/normal/normal (959).jpg,0,train
/Users/anu/Downloads/neoBloom/datasets/normal/normal (960).jpg,0,train
/Users/anu/Downloads/neoBloom/datasets/normal/normal (961).jpg,0,test
/Users/anu/Downloads/neoBloom/datasets/normal/normal (962).jpg,0,train
/Users/anu/Downloads/neoBloom/datasets/normal/normal (963).jpg,0,val
/Users/anu/Downloads/neoBloom/datasets/normal/normal (964).jpg,0,val
/Users/anu/Downloads/neoBloom/datasets/normal/normal (965).jpg,0,val
/Users/anu/Downloads/neoBloom/datasets/normal/normal (966).jpg,0,train
/Users/anu/Downloads/neoBloom/datasets/normal/normal (967).jpg,0,train
/Users/anu/Downloads/neoBloom/datasets/normal/normal (968).jpg,0,train
/Users/anu/Downloads/neoBloom/datasets/normal/normal (969).jpg,0,train
/Users/anu/Downloads/neoBloom/datasets/normal/normal (970).jpg,0,train
/Users/anu/Downloads/neoBloom/datasets/normal/normal (971).jpg,0,train
/Users/anu/Downloads/neoBloom/datasets/normal/normal (972).jpg,0,train
/Users/anu/Downloads/neoBloom/datasets/normal/normal (973).jpg,0,train
/Users/anu/Downloads/neoBloom/datasets/normal/normal (974).jpg,0,val
/Users/anu/Downloads/neoBloom/datasets/normal/normal (975).jpg,0,train
/Users/anu/Downloads/neoBloom/datasets/normal/normal (976).jpg,0,train
/Users/anu/Downloads/neoBloom/datasets/normal/normal (977).jpg,0,train
/Users/anu/Downloads/neoBloom/datasets/normal/normal (978).jpg,0,test
/Users/anu/Downloads/neoBloom/datasets/normal/normal (979).jpg,0,train
/Users/anu/Downloads/neoBloom/datasets/normal/normal (980).jpg,0,train
/Users/anu/Downloads/neoBloom/datasets/normal/normal (981).jpg,0,train
/Users/anu/Downloads/neoBloom/datasets/normal/normal (982).jpg,0,train
/Users/anu/Downloads/neoBloom/datasets/normal/normal (983).jpg,0,train
/Users/anu/Downloads/neoBloom/datasets/normal/normal (984).jpg,0,train
/Users/anu/Downloads/neoBloom/datasets/normal/normal (985).jpg,0,train
/Users/anu/Downloads/neoBloom/datasets/normal/normal (986).jpg,0,train
/Users/anu/Downloads/neoBloom/datasets/normal/normal (987).jpg,0,train
/Users/anu/Downloads/neoBloom/datasets/normal/normal (988).jpg,0,train
/Users/anu/Downloads/neoBloom/datasets/normal/normal (989).jpg,0,val
/Users/anu/Downloads/neoBloom/datasets/normal/normal (990).jpg,0,test
/Users/anu/Downloads/neoBloom/datasets/normal/normal (991).jpg,0,train
/Users/anu/Downloads/neoBloom/datasets/normal/normal (992).jpg,0,test
/Users/anu/Downloads/neoBloom/datasets/normal/normal (993).jpg,0,test
/Users/anu/Downloads/neoBloom/datasets/normal/normal (994).jpg,0,train
/Users/anu/Downloads/neoBloom/datasets/normal/normal (995).jpg,0,train
/Users/anu/Downloads/neoBloom/datasets/normal/normal (996).jpg,0,train
/Users/anu/Downloads/neoBloom/datasets/normal/normal (997).jpg,0,train
/Users/anu/Downloads/neoBloom/datasets/normal/normal (998).jpg,0,train
/Users/anu/Downloads/neoBloom/datasets/normal/normal (999).jpg,0,train
/Users/anu/Downloads/neoBloom/datasets/jaundice/jaundice (1).jpg,1,train
/Users/anu/Downloads/neoBloom/datasets/jaundice/jaundice (10).jpg,1,val
/Users/anu/Downloads/neoBloom/datasets/jaundice/jaundice (100).jpg,1,train
/Users/anu/Downloads/neoBloom/datasets/jaundice/jaundice (101).jpg,1,train
/Users/anu/Downloads/neoBloom/datasets/jaundice/jaundice (102).jpg,1,train
/Users/anu/Downloads/neoBloom/datasets/jaundice/jaundice (103).jpg,1,train
/Users/anu/Downloads/neoBloom/datasets/jaundice/jaundice (104).jpg,1,test
/Users/anu/Downloads/neoBloom/datasets/jaundice/jaundice (105).jpg,1,train
/Users/anu/Downloads/neoBloom/datasets/jaundice/jaundice (106).jpg,1,train
/Users/anu/Downloads/neoBloom/datasets/jaundice/jaundice (107).jpg,1,train
/Users/anu/Downloads/neoBloom/datasets/jaundice/jaundice (108).jpg,1,train
/Users/anu/Downloads/neoBloom/datasets/jaundice/jaundice (109).jpg,1,test
/Users/anu/Downloads/neoBloom/datasets/jaundice/jaundice (11).jpg,1,val
/Users/anu/Downloads/neoBloom/datasets/jaundice/jaundice (110).jpg,1,train
/Users/anu/Downloads/neoBloom/datasets/jaundice/jaundice (111).jpg,1,train
/Users/anu/Downloads/neoBloom/datasets/jaundice/jaundice (112).jpg,1,train
/Users/anu/Downloads/neoBloom/datasets/jaundice/jaundice (113).jpg,1,train
/Users/anu/Downloads/neoBloom/datasets/jaundice/jaundice (114).jpg,1,train
/Users/anu/Downloads/neoBloom/datasets/jaundice/jaundice (115).jpg,1,test
/Users/anu/Downloads/neoBloom/datasets/jaundice/jaundice (116).jpg,1,train
/Users/anu/Downloads/neoBloom/datasets/jaundice/jaundice (117).jpg,1,train
/Users/anu/Downloads/neoBloom/datasets/jaundice/jaundice (118).jpg,1,test
/Users/anu/Downloads/neoBloom/datasets/jaundice/jaundice (119).jpg,1,train
/Users/anu/Downloads/neoBloom/datasets/jaundice/jaundice (12).jpg,1,test
/Users/anu/Downloads/neoBloom/datasets/jaundice/jaundice (120).jpg,1,train
/Users/anu/Downloads/neoBloom/datasets/jaundice/jaundice (121).jpg,1,train
/Users/anu/Downloads/neoBloom/datasets/jaundice/jaundice (122).jpg,1,train
/Users/anu/Downloads/neoBloom/datasets/jaundice/jaundice (123).jpg,1,val
/Users/anu/Downloads/neoBloom/datasets/jaundice/jaundice (124).jpg,1,train
/Users/anu/Downloads/neoBloom/datasets/jaundice/jaundice (125).jpg,1,train
/Users/anu/Downloads/neoBloom/datasets/jaundice/jaundice (126).jpg,1,train
/Users/anu/Downloads/neoBloom/datasets/jaundice/jaundice (127).jpg,1,val
/Users/anu/Downloads/neoBloom/datasets/jaundice/jaundice (128).jpg,1,train
/Users/anu/Downloads/neoBloom/datasets/jaundice/jaundice (129).jpg,1,train
/Users/anu/Downloads/neoBloom/datasets/jaundice/jaundice (13).jpg,1,val
/Users/anu/Downloads/neoBloom/datasets/jaundice/jaundice (130).jpg,1,train
/Users/anu/Downloads/neoBloom/datasets/jaundice/jaundice (131).jpg,1,train
/Users/anu/Downloads/neoBloom/datasets/jaundice/jaundice (132).jpg,1,test
/Users/anu/Downloads/neoBloom/datasets/jaundice/jaundice (133).jpg,1,train
/Users/anu/Downloads/neoBloom/datasets/jaundice/jaundice (134).jpg,1,train
/Users/anu/Downloads/neoBloom/datasets/jaundice/jaundice (135).jpg,1,val
/Users/anu/Downloads/neoBloom/datasets/jaundice/jaundice (136).jpg,1,train
/Users/anu/Downloads/neoBloom/datasets/jaundice/jaundice (137).jpg,1,train
/Users/anu/Downloads/neoBloom/datasets/jaundice/jaundice (138).jpg,1,test
/Users/anu/Downloads/neoBloom/datasets/jaundice/jaundice (139).jpg,1,train
/Users/anu/Downloads/neoBloom/datasets/jaundice/jaundice (14).jpg,1,val
/Users/anu/Downloads/neoBloom/datasets/jaundice/jaundice (140).jpg,1,train
/Users/anu/Downloads/neoBloom/datasets/jaundice/jaundice (141).jpg,1,train
/Users/anu/Downloads/neoBloom/datasets/jaundice/jaundice (142).jpg,1,train
/Users/anu/Downloads/neoBloom/datasets/jaundice/jaundice (143).jpg,1,test
/Users/anu/Downloads/neoBloom/datasets/jaundice/jaundice (144).jpg,1,test
/Users/anu/Downloads/neoBloom/datasets/jaundice/jaundice (145).jpg,1,train
/Users/anu/Downloads/neoBloom/datasets/jaundice/jaundice (146).jpg,1,train
/Users/anu/Downloads/neoBloom/datasets/jaundice/jaundice (147).jpg,1,train
/Users/anu/Downloads/neoBloom/datasets/jaundice/jaundice (148).jpg,1,train
/Users/anu/Downloads/neoBloom/datasets/jaundice/jaundice (149).jpg,1,train
/Users/anu/Downloads/neoBloom/datasets/jaundice/jaundice (15).jpg,1,val
/Users/anu/Downloads/neoBloom/datasets/jaundice/jaundice (150).jpg,1,test
/Users/anu/Downloads/neoBloom/datasets/jaundice/jaundice (151).jpg,1,train
/Users/anu/Downloads/neoBloom/datasets/jaundice/jaundice (152).jpg,1,train
/Users/anu/Downloads/neoBloom/datasets/jaundice/jaundice (153).jpg,1,test
/Users/anu/Downloads/neoBloom/datasets/jaundice/jaundice (154).jpg,1,train
/Users/anu/Downloads/neoBloom/datasets/jaundice/jaundice (155).jpg,1,test
/Users/anu/Downloads/neoBloom/datasets/jaundice/jaundice (156).jpg,1,val
/Users/anu/Downloads/neoBloom/datasets/jaundice/jaundice (157).jpg,1,train
/Users/anu/Downloads/neoBloom/datasets/jaundice/jaundice (158).jpg,1,train
/Users/anu/Downloads/neoBloom/datasets/jaundice/jaundice (159).jpg,1,val
/Users/anu/Downloads/neoBloom/datasets/jaundice/jaundice (16).jpg,1,train
/Users/anu/Downloads/neoBloom/datasets/jaundice/jaundice (160).jpg,1,train
/Users/anu/Downloads/neoBloom/datasets/jaundice/jaundice (161).jpg,1,train
/Users/anu/Downloads/neoBloom/datasets/jaundice/jaundice (162).jpg,1,train
/Users/anu/Downloads/neoBloom/datasets/jaundice/jaundice (163).jpg,1,train
/Users/anu/Downloads/neoBloom/datasets/jaundice/jaundice (164).jpg,1,test
/Users/anu/Downloads/neoBloom/datasets/jaundice/jaundice (165).jpg,1,train
/Users/anu/Downloads/neoBloom/datasets/jaundice/jaundice (166).jpg,1,train
/Users/anu/Downloads/neoBloom/datasets/jaundice/jaundice (167).jpg,1,train
/Users/anu/Downloads/neoBloom/datasets/jaundice/jaundice (168).jpg,1,train
/Users/anu/Downloads/neoBloom/datasets/jaundice/jaundice (169).jpg,1,train
/Users/anu/Downloads/neoBloom/datasets/jaundice/jaundice (17).jpg,1,train
/Users/anu/Downloads/neoBloom/datasets/jaundice/jaundice (170).jpg,1,train
/Users/anu/Downloads/neoBloom/datasets/jaundice/jaundice (171).jpg,1,test
/Users/anu/Downloads/neoBloom/datasets/jaundice/jaundice (172).jpg,1,train
/Users/anu/Downloads/neoBloom/datasets/jaundice/jaundice (173).jpg,1,val
/Users/anu/Downloads/neoBloom/datasets/jaundice/jaundice (174).jpg,1,train
/Users/anu/Downloads/neoBloom/datasets/jaundice/jaundice (175).jpg,1,train
/Users/anu/Downloads/neoBloom/datasets/jaundice/jaundice (176).jpg,1,train
/Users/anu/Downloads/neoBloom/datasets/jaundice/jaundice (177).jpg,1,test
/Users/anu/Downloads/neoBloom/datasets/jaundice/jaundice (178).jpg,1,train
/Users/anu/Downloads/neoBloom/datasets/jaundice/jaundice (179).jpg,1,train
/Users/anu/Downloads/neoBloom/datasets/jaundice/jaundice (18).jpg,1,train
/Users/anu/Downloads/neoBloom/datasets/jaundice/jaundice (180).jpg,1,train
/Users/anu/Downloads/neoBloom/datasets/jaundice/jaundice (181).jpg,1,train
/Users/anu/Downloads/neoBloom/datasets/jaundice/jaundice (182).jpg,1,train
/Users/anu/Downloads/neoBloom/datasets/jaundice/jaundice (183).jpg,1,train
/Users/anu/Downloads/neoBloom/datasets/jaundice/jaundice (184).jpg,1,train
/Users/anu/Downloads/neoBloom/datasets/jaundice/jaundice (185).jpg,1,train
/Users/anu/Downloads/neoBloom/datasets/jaundice/jaundice (186).jpg,1,train
/Users/anu/Downloads/neoBloom/datasets/jaundice/jaundice (19).jpg,1,train
/Users/anu/Downloads/neoBloom/datasets/jaundice/jaundice (190).jpg,1,train
/Users/anu/Downloads/neoBloom/datasets/jaundice/jaundice (191).jpg,1,train
/Users/anu/Downloads/neoBloom/datasets/jaundice/jaundice (192).jpg,1,test
/Users/anu/Downloads/neoBloom/datasets/jaundice/jaundice (193).jpg,1,train
/Users/anu/Downloads/neoBloom/datasets/jaundice/jaundice (194).jpg,1,train
/Users/anu/Downloads/neoBloom/datasets/jaundice/jaundice (195).jpg,1,train
/Users/anu/Downloads/neoBloom/datasets/jaundice/jaundice (196).jpg,1,val
/Users/anu/Downloads/neoBloom/datasets/jaundice/jaundice (197).jpg,1,train
/Users/anu/Downloads/neoBloom/datasets/jaundice/jaundice (198).jpg,1,train
/Users/anu/Downloads/neoBloom/datasets/jaundice/jaundice (199).jpg,1,train
/Users/anu/Downloads/neoBloom/datasets/jaundice/jaundice (2).jpg,1,test
/Users/anu/Downloads/neoBloom/datasets/jaundice/jaundice (20).jpg,1,train
/Users/anu/Downloads/neoBloom/datasets/jaundice/jaundice (200).jpg,1,val
/Users/anu/Downloads/neoBloom/datasets/jaundice/jaundice (21).jpg,1,val
/Users/anu/Downloads/neoBloom/datasets/jaundice/jaundice (22).jpg,1,train
/Users/anu/Downloads/neoBloom/datasets/jaundice/jaundice (23).jpg,1,train
/Users/anu/Downloads/neoBloom/datasets/jaundice/jaundice (24).jpg,1,train
/Users/anu/Downloads/neoBloom/datasets/jaundice/jaundice (25).jpg,1,val
/Users/anu/Downloads/neoBloom/datasets/jaundice/jaundice (26).jpg,1,val
/Users/anu/Downloads/neoBloom/datasets/jaundice/jaundice (27).jpg,1,val
/Users/anu/Downloads/neoBloom/datasets/jaundice/jaundice (28).jpg,1,test
/Users/anu/Downloads/neoBloom/datasets/jaundice/jaundice (29).jpg,1,train
/Users/anu/Downloads/neoBloom/datasets/jaundice/jaundice (3).jpg,1,val
/Users/anu/Downloads/neoBloom/datasets/jaundice/jaundice (30).jpg,1,train
/Users/anu/Downloads/neoBloom/datasets/jaundice/jaundice (31).jpg,1,train
/Users/anu/Downloads/neoBloom/datasets/jaundice/jaundice (32).jpg,1,test
/Users/anu/Downloads/neoBloom/datasets/jaundice/jaundice (33).jpg,1,train
/Users/anu/Downloads/neoBloom/datasets/jaundice/jaundice (34).jpg,1,train
/Users/anu/Downloads/neoBloom/datasets/jaundice/jaundice (35).jpg,1,train
/Users/anu/Downloads/neoBloom/datasets/jaundice/jaundice (36).jpg,1,train
/Users/anu/Downloads/neoBloom/datasets/jaundice/jaundice (37).jpg,1,val
/Users/anu/Downloads/neoBloom/datasets/jaundice/jaundice (38).jpg,1,train
/Users/anu/Downloads/neoBloom/datasets/jaundice/jaundice (39).jpg,1,train
/Users/anu/Downloads/neoBloom/datasets/jaundice/jaundice (4).jpg,1,val
/Users/anu/Downloads/neoBloom/datasets/jaundice/jaundice (40).jpg,1,train
/Users/anu/Downloads/neoBloom/datasets/jaundice/jaundice (41).jpg,1,test
/Users/anu/Downloads/neoBloom/datasets/jaundice/jaundice (42).jpg,1,val
/Users/anu/Downloads/neoBloom/datasets/jaundice/jaundice (43).jpg,1,train
/Users/anu/Downloads/neoBloom/datasets/jaundice/jaundice (44).jpg,1,train
/Users/anu/Downloads/neoBloom/datasets/jaundice/jaundice (45).jpg,1,val
/Users/anu/Downloads/neoBloom/datasets/jaundice/jaundice (46).jpg,1,train
/Users/anu/Downloads/neoBloom/datasets/jaundice/jaundice (47).jpg,1,train
/Users/anu/Downloads/neoBloom/datasets/jaundice/jaundice (48).jpg,1,train
/Users/anu/Downloads/neoBloom/datasets/jaundice/jaundice (49).jpg,1,train
/Users/anu/Downloads/neoBloom/datasets/jaundice/jaundice (5).jpg,1,val
/Users/anu/Downloads/neoBloom/datasets/jaundice/jaundice (50).jpg,1,train
/Users/anu/Downloads/neoBloom/datasets/jaundice/jaundice (51).jpg,1,val
/Users/anu/Downloads/neoBloom/datasets/jaundice/jaundice (52).jpg,1,val
/Users/anu/Downloads/neoBloom/datasets/jaundice/jaundice (53).jpg,1,train
/Users/anu/Downloads/neoBloom/datasets/jaundice/jaundice (54).jpg,1,train
/Users/anu/Downloads/neoBloom/datasets/jaundice/jaundice (55).jpg,1,train
/Users/anu/Downloads/neoBloom/datasets/jaundice/jaundice (56).jpg,1,test
/Users/anu/Downloads/neoBloom/datasets/jaundice/jaundice (57).jpg,1,train
/Users/anu/Downloads/neoBloom/datasets/jaundice/jaundice (58).jpg,1,train
/Users/anu/Downloads/neoBloom/datasets/jaundice/jaundice (59).jpg,1,train
/Users/anu/Downloads/neoBloom/datasets/jaundice/jaundice (6).jpg,1,train
/Users/anu/Downloads/neoBloom/datasets/jaundice/jaundice (60).jpg,1,train
/Users/anu/Downloads/neoBloom/datasets/jaundice/jaundice (61).jpg,1,train
/Users/anu/Downloads/neoBloom/datasets/jaundice/jaundice (62).jpg,1,train
/Users/anu/Downloads/neoBloom/datasets/jaundice/jaundice (63).jpg,1,val
/Users/anu/Downloads/neoBloom/datasets/jaundice/jaundice (64).jpg,1,test
/Users/anu/Downloads/neoBloom/datasets/jaundice/jaundice (65).jpg,1,train
/Users/anu/Downloads/neoBloom/datasets/jaundice/jaundice (66).jpg,1,test
/Users/anu/Downloads/neoBloom/datasets/jaundice/jaundice (67).jpg,1,train
/Users/anu/Downloads/neoBloom/datasets/jaundice/jaundice (68).jpg,1,train
/Users/anu/Downloads/neoBloom/datasets/jaundice/jaundice (69).jpg,1,test
/Users/anu/Downloads/neoBloom/datasets/jaundice/jaundice (7).jpg,1,test
/Users/anu/Downloads/neoBloom/datasets/jaundice/jaundice (70).jpg,1,train
/Users/anu/Downloads/neoBloom/datasets/jaundice/jaundice (71).jpg,1,train
/Users/anu/Downloads/neoBloom/datasets/jaundice/jaundice (72).jpg,1,train
/Users/anu/Downloads/neoBloom/datasets/jaundice/jaundice (73).jpg,1,train
/Users/anu/Downloads/neoBloom/datasets/jaundice/jaundice (74).jpg,1,train
/Users/anu/Downloads/neoBloom/datasets/jaundice/jaundice (75).jpg,1,test
/Users/anu/Downloads/neoBloom/datasets/jaundice/jaundice (76).jpg,1,test
/Users/anu/Downloads/neoBloom/datasets/jaundice/jaundice (77).jpg,1,train
/Users/anu/Downloads/neoBloom/datasets/jaundice/jaundice (78).jpg,1,val
/Users/anu/Downloads/neoBloom/datasets/jaundice/jaundice (79).jpg,1,test
/Users/anu/Downloads/neoBloom/datasets/jaundice/jaundice (8).jpg,1,train
/Users/anu/Downloads/neoBloom/datasets/jaundice/jaundice (80).jpg,1,val
/Users/anu/Downloads/neoBloom/datasets/jaundice/jaundice (81).jpg,1,val
/Users/anu/Downloads/neoBloom/datasets/jaundice/jaundice (82).jpg,1,train
/Users/anu/Downloads/neoBloom/datasets/jaundice/jaundice (83).jpg,1,train
/Users/anu/Downloads/neoBloom/datasets/jaundice/jaundice (84).jpg,1,val
/Users/anu/Downloads/neoBloom/datasets/jaundice/jaundice (85).jpg,1,train
/Users/anu/Downloads/neoBloom/datasets/jaundice/jaundice (86).jpg,1,train
/Users/anu/Downloads/neoBloom/datasets/jaundice/jaundice (87).jpg,1,train
/Users/anu/Downloads/neoBloom/datasets/jaundice/jaundice (88).jpg,1,train
/Users/anu/Downloads/neoBloom/datasets/jaundice/jaundice (89).jpg,1,train
/Users/anu/Downloads/neoBloom/datasets/jaundice/jaundice (9).jpg,1,train
/Users/anu/Downloads/neoBloom/datasets/jaundice/jaundice (90).jpg,1,train
/Users/anu/Downloads/neoBloom/datasets/jaundice/jaundice (91).jpg,1,train
/Users/anu/Downloads/neoBloom/datasets/jaundice/jaundice (92).jpg,1,train
/Users/anu/Downloads/neoBloom/datasets/jaundice/jaundice (93).jpg,1,test
/Users/anu/Downloads/neoBloom/datasets/jaundice/jaundice (94).jpg,1,train
/Users/anu/Downloads/neoBloom/datasets/jaundice/jaundice (95).jpg,1,train
/Users/anu/Downloads/neoBloom/datasets/jaundice/jaundice (96).jpg,1,train
/Users/anu/Downloads/neoBloom/datasets/jaundice/jaundice (97).jpg,1,train
/Users/anu/Downloads/neoBloom/datasets/jaundice/jaundice (98).jpg,1,train
/Users/anu/Downloads/neoBloom/datasets/jaundice/jaundice (99).jpg,1,train
